id,title,year,source_type,evidence_level,url,license,relevance,decision
R001,"The Double Sphere Camera Model",2018,peer_reviewed_primary,high,https://arxiv.org/abs/1807.08957,CC-BY-4.0,"Wide-FOV camera projection and analytic unprojection","Use as cross-check; deployed Lumos parameters identify SEUCM/EUCM"
R002,"A New Flexible Model for Central Camera Calibration",2016,peer_reviewed_primary,high,https://www-sop.inria.fr/members/Philippe.Martinet/publis/2016/ICRA16bogdan.pdf,publication_terms,"EUCM model used by Lumos/FastUMI camera parameters","Adopt explicit SEUCM/EUCM projection with numeric tests"
R003,"Kalibr camera calibration toolbox",2024,official_repository,high,https://github.com/ethz-asl/kalibr,BSD-3-Clause,"Multi-camera calibration and supported camera models","Use for independent calibration workflow"
R004,"Kalibr YAML formats",2024,official_documentation,high,https://github.com/ethz-asl/kalibr/wiki/yaml-formats,BSD-3-Clause,"Camera model and transform artifact schema","Adapt concepts; store hashes and frame direction explicitly"
R005,"Kalibr calibration targets",2024,official_documentation,high,https://github.com/ethz-asl/kalibr/wiki/calibration-targets,BSD-3-Clause,"Aprilgrid target configuration","Use for robust repeatable data collection"
R006,"OpenCV omnidirectional camera calibration",2026,official_documentation,high,https://docs.opencv.org/4.x/dd/d12/tutorial_omnidir_calib_main.html,Apache-2.0,"Omnidirectional calibration reference","Independent comparison only; do not relabel model parameters"
R007,"OpenCV fisheye camera model",2026,official_documentation,high,https://docs.opencv.org/4.x/db/d58/group__calib3d__fisheye.html,Apache-2.0,"Alternative fisheye calibration model","Benchmark only; not interchangeable with SEUCM"
R008,"OpenCV hand-eye calibration API",2026,official_documentation,high,https://docs.opencv.org/4.x/d9/d0c/group__calib3d.html,Apache-2.0,"Multiple established AX=XB solvers and frame conventions","Replace unverified custom Tsai implementation; validate independently"
R009,"A New Technique for Fully Autonomous and Efficient 3D Robotics Hand/Eye Calibration",1989,peer_reviewed_primary,high,https://doi.org/10.1109/70.34770,publication_terms,"Original Tsai-Lenz hand-eye method","Reference equations and degeneracy requirements"
R010,"FastUMI Camera",2025,official_repository,medium,https://github.com/lumos-open/FastUMI_Camera,unspecified_at_audit,"Lumos camera software and parameter lineage","Treat code as reference until repository license is clarified"
R011,"FastUMI Hardware SDK",2025,official_repository,medium,https://github.com/lumos-open/FastUMI_Hardware_SDK,unspecified_at_audit,"Official device SDK and camera parameter access","Use installed SDK read-only; clarify redistribution license"
R012,"Lumos Touch product page",2026,vendor_documentation,medium,https://www.lumostouch.com/,proprietary,"Vendor identity and device positioning","Hardware provenance only"
R013,"Intel RealSense Projection in RealSense SDK 2.0",2024,official_documentation,high,https://github.com/IntelRealSense/librealsense/wiki/Projection-in-RealSense-SDK-2.0,Apache-2.0,"Depth pixel deprojection and cross-camera projection semantics","Use D435 Z-depth semantics exactly"
R014,"Intel RealSense align-depth example",2024,official_repository,high,https://github.com/IntelRealSense/librealsense/tree/master/examples/align-depth2color,Apache-2.0,"Reference implementation for z-buffer alignment","Adapt algorithm to D435-to-Lumos transform"
R015,"Intel RealSense D400 post-processing filters",2024,official_documentation,high,https://dev.intelrealsense.com/docs/post-processing-filters,Apache-2.0,"Depth noise and hole-filter trade-offs","Benchmark filters offline; never fabricate target depth silently"
R016,"Intel RealSense D435 specifications",2026,vendor_documentation,high,https://www.intelrealsense.com/depth-camera-d435/,proprietary,"Depth range FOV and interface constraints","Use as hardware capability reference"
R017,"Ultralytics YOLO repository",2026,official_repository,high,https://github.com/ultralytics/ultralytics,AGPL-3.0,"Current project detection baseline and segmentation option","Keep baseline for measurements; license-review deployment"
R018,"RT-DETR official implementation",2024,official_repository,high,https://github.com/lyuwenyu/RT-DETR,Apache-2.0,"Real-time transformer detector alternative","Benchmark as permissive detector candidate"
R019,"MMDetection RTMDet",2024,official_repository,high,https://github.com/open-mmlab/mmdetection,Apache-2.0,"Fast detector and instance segmentation family","Preferred enhanced segmentation benchmark"
R020,"Segment Anything 2",2024,official_repository,high,https://github.com/facebookresearch/sam2,Apache-2.0,"Promptable image/video segmentation and memory","Research-tier refinement; not primary safety detector"
R021,"Grounding DINO",2024,official_repository,high,https://github.com/IDEA-Research/GroundingDINO,Apache-2.0,"Open-vocabulary detection","Optional proposal source; must be gated by geometry and confidence"
R022,"ByteTrack",2022,peer_reviewed_primary,high,https://github.com/ifzhang/ByteTrack,MIT,"Association of low-score detections for MOT","Benchmark 2D association baseline"
R023,"BoT-SORT",2022,peer_reviewed_primary,high,https://github.com/NirAharon/BoT-SORT,MIT,"Motion and appearance multi-object tracking","Benchmark when appearance is needed"
R024,"HOTA: A Higher Order Metric for Evaluating Multi-Object Tracking",2020,peer_reviewed_primary,high,https://arxiv.org/abs/2009.07736,CC-BY-4.0,"Balanced detection association localization metric","Use HOTA/ID switches in offline tracking evaluation"
R025,"Tracking Anything with Decoupled Video Segmentation",2023,peer_reviewed_primary,high,https://github.com/hkchengrex/Tracking-Anything-with-DEVA,MIT,"Temporally consistent segmentation","Research-tier mask propagation"
R026,"Norfair",2025,official_repository,medium,https://github.com/tryolabs/norfair,BSD-3-Clause,"Lightweight customizable tracking","Fallback prototyping option"
R027,"Grasp Pose Detection",2017,peer_reviewed_primary,high,https://github.com/atenpas/gpd,BSD-2-Clause,"Geometric 6-DoF grasp proposals from point clouds","Candidate after registered-cloud validation"
R028,"Contact-GraspNet",2021,peer_reviewed_primary,high,https://github.com/NVlabs/contact_graspnet,custom_noncommercial,"Learned 6-DoF grasp proposals; approximately 8 GB GPU requirement","Research tier only; license and GPU margin block default"
R029,"GraspNet-1Billion",2020,dataset_and_benchmark,high,https://graspnet.net/,noncommercial_research,"Large-scale grasp dataset and benchmark","Evaluation/research only unless licensing changes"
R030,"FoundationPose",2024,official_repository,high,https://github.com/NVlabs/FoundationPose,NVIDIA_Source_Code_License,"6D object pose and tracking","Research tier; license and object-model requirements"
R031,"YCB object and model set",2015,dataset_and_benchmark,high,https://www.ycbbenchmarks.com/,dataset_terms,"Common manipulation objects and models","Use for offline comparable evaluation"
R032,"BOP benchmark",2024,dataset_and_benchmark,high,https://bop.felk.cvut.cz/,dataset_specific,"6D pose-estimation benchmarks","Use if pose subsystem is later introduced"
R033,"MoveIt Servo",2026,official_documentation,high,https://moveit.picknik.ai/main/doc/examples/realtime_servo/realtime_servo_tutorial.html,BSD-3-Clause,"Guarded high-rate robot servoing architecture","Conceptual reference only; current arm has no authorized servo integration"
R034,"ViSP visual servoing platform",2026,official_repository,high,https://github.com/lagadic/visp,GPL-2.0,"Classical visual servoing algorithms","Research reference; GPL boundary review required"
R035,"Closing the Loop for Robotic Grasping: A Real-time Generative Grasp Synthesis Approach",2018,peer_reviewed_primary,high,https://arxiv.org/abs/1804.05172,publication_terms,"Closed-loop grasp correction using depth","Supports future feedback design after safety gates"
R036,"REFLECT: Summarizing Robot Experiences for Failure Explanation and Correction",2023,peer_reviewed_primary,high,https://arxiv.org/abs/2306.15724,CC-BY-4.0,"Low-frequency semantic failure explanation and replanning","Use VLM reasoning above deterministic monitors, never as motion safety layer"
R037,"Code as Policies",2022,peer_reviewed_primary,high,https://arxiv.org/abs/2209.07753,CC-BY-4.0,"Language-model generated robot policies","Research context only; generated code cannot bypass gates"
R038,"RealSense depth value: Z distance versus range discussion",2020,community_discussion,low,https://www.reddit.com/r/realsense/,community_terms,"Recurring practical confusion about axial depth versus range","Corroboration only; official RealSense projection docs control"
R039,"RealSense D435 USB and synchronization issue reports",2026,community_issue_reports,low,https://github.com/IntelRealSense/librealsense/issues,Apache-2.0,"Practical USB bandwidth timing and frame-sync failures","Use to design diagnostics; verify against local captures"
R040,"D435 with YOLO and hand-eye calibration tutorials",2026,community_tutorials,low,https://search.bilibili.com/all?keyword=D435%20YOLO%20%E6%89%8B%E7%9C%BC%E6%A0%87%E5%AE%9A,platform_terms,"Chinese-language integration examples","Discovery only; do not treat tutorial calibration as validation"
